<?xml version="1.0" encoding="UTF-8"?>
<component xmlns="http://www.opensource-socialnetwork.org/v/3.0">
    <name>ProfAccess</name>
    <id>ProfAccess</id>
    <author>Core Team</author>
    <description>Profile access components allows you to disable profile access for non loggedin users.</description>
    <license>GNU General Public License, version 2</license>
    <author_url>http://www.informatikon.com/</author_url>
    <license_url>http://www.opensource-socialnetwork.org/licence/</license_url>
    <version>2.0</version>
	<requires>
		<type>ossn_version</type>
		<version>3.0</version>
	</requires>
</component>