<?xml version="1.0" encoding="UTF-8"?>
<component xmlns="http://www.opensource-socialnetwork.org/v/3.0">
    <name>Login Redirect</name>
    <id>login_redirect</id>
    <author>SOFTLAB24 Ltd.</author>
    <description>Redirect user to specific url after login.</description>
    <license>GNU General Public License, version 2</license>
    <author_url>http://www.softlab24.com/</author_url>
    <license_url>http://www.opensource-socialnetwork.org/licence/</license_url>
    <version>1.0</version>
	<requires>
		<type>ossn_version</type>
		<version>4.0</version>
	</requires>
</component>
